<?xml version='1.0' encoding='ISO-8859-1'?>

<!DOCTYPE swatch SYSTEM "swatch.dtd">

<swatch name="XWIKI_LINK_CUR_NORM">

    <!-- Base Satellite definition -->
    <sat shape="edgeShp" hover="hoverEvt" click="clickEvt" 
         isBack="true" isVisible="true" isSuper="true" isSub="false" isCur="false" isRest="true" isTip="false" isNoSided="false">
        <slice inCol="164 164 164" outCol="100 100 100" alpha="1" linewidth="1" />
    </sat>

    <sat shape="edgeShp" selection="search" 
         isVisible="true" isSuper="true" isSub="false" isCur="false" isRest="true" isBack="false" isTip="false" isNoSided="false">
        <slice inCol="255 255 255" outCol="255 0 0" alpha="1" linewidth="1" />
    </sat>

    <!-- References -->
    <font id="tipFnt" name="SansSerif" size="12" style="plain" />
    <font id="fixedFnt" name="Monospaced" size="12" style="plain" />
    <shape id="edgeShp" scale="1" anchor="intersect"></shape>

    <tooltip id="tooltip" delay="0" length="3000">
        <tip font="tipFnt" label="[/20sREC_NAME]" inCol="255 255 223" textCol="0" align="center" isFloating="true" blur="-1" rounded="-1" dir="SW" isCorner="false" />
    </tooltip>

    <!-- Hover event -->
    <event id="hoverEvt">
        <show status="Click to show this link menu" />
        <pop tooltip="tooltip" />
    </event>
   
    <!-- Click event -->
    <event id="clickEvt">
        <popup menu="menu" />
    </event>
    
    <menu id="menu" font="menuFnt">
        <item label="[sREC_NAME]" url="javascript:Discover([sREC_ID],[sREC_NAME])" />
    </menu>

    <font id="menuFnt" name="Monospaced" size="11" style="plain" />
</swatch>
